feature_type,regressor,alpha,trial,method,coverage,width
Multivariate,Ridge,0.05,0,Original_GitHub,0.954337899543379,399.41802320416235
Multivariate,Ridge,0.05,0,Reimplementation,0.954337899543379,399.41802320416235
Multivariate,Ridge,0.05,0,MAPIE_Online,0.9443493150684932,352.789700483967
Multivariate,Ridge,0.05,0,MAPIE_Batch,0.8012271689497716,276.3609267653515
Multivariate,Ridge,0.05,1,Original_GitHub,0.954337899543379,398.3849454251821
Multivariate,Ridge,0.05,1,MAPIE_Online,0.9443493150684932,352.789700483967
Multivariate,Ridge,0.05,1,MAPIE_Batch,0.8012271689497716,276.3609267653515
Multivariate,Ridge,0.05,2,Original_GitHub,0.9546232876712328,394.8743031493694
Multivariate,Ridge,0.05,2,MAPIE_Online,0.9443493150684932,352.789700483967
Multivariate,Ridge,0.05,2,MAPIE_Batch,0.8012271689497716,276.3609267653515
Multivariate,Ridge,0.05,3,Original_GitHub,0.954480593607306,395.5255655536588
Multivariate,Ridge,0.05,3,MAPIE_Online,0.9443493150684932,352.789700483967
Multivariate,Ridge,0.05,3,MAPIE_Batch,0.8012271689497716,276.3609267653515
Multivariate,Ridge,0.05,4,Original_GitHub,0.9546232876712328,400.1457354587529
Multivariate,Ridge,0.05,4,MAPIE_Online,0.9443493150684932,352.789700483967
Multivariate,Ridge,0.05,4,MAPIE_Batch,0.8012271689497716,276.3609267653515
Multivariate,Ridge,0.05,5,Original_GitHub,0.954337899543379,399.1378879152737
Multivariate,Ridge,0.05,5,MAPIE_Online,0.9443493150684932,352.789700483967
Multivariate,Ridge,0.05,5,MAPIE_Batch,0.8012271689497716,276.3609267653515
Multivariate,Ridge,0.05,6,Original_GitHub,0.954480593607306,398.4329790390062
Multivariate,Ridge,0.05,6,MAPIE_Online,0.9443493150684932,352.789700483967
Multivariate,Ridge,0.05,6,MAPIE_Batch,0.8012271689497716,276.3609267653515
Multivariate,Ridge,0.05,7,Original_GitHub,0.954480593607306,397.6312132420997
Multivariate,Ridge,0.05,7,MAPIE_Online,0.9443493150684932,352.789700483967
Multivariate,Ridge,0.05,7,MAPIE_Batch,0.8012271689497716,276.3609267653515
Multivariate,Ridge,0.05,8,Original_GitHub,0.954195205479452,398.51565480543854
Multivariate,Ridge,0.05,8,MAPIE_Online,0.9443493150684932,352.789700483967
Multivariate,Ridge,0.05,8,MAPIE_Batch,0.8012271689497716,276.3609267653515
Multivariate,Ridge,0.05,9,Original_GitHub,0.954195205479452,398.1128485943607
Multivariate,Ridge,0.05,9,MAPIE_Online,0.9443493150684932,352.789700483967
Multivariate,Ridge,0.05,9,MAPIE_Batch,0.8012271689497716,276.3609267653515
Multivariate,Ridge,0.1,0,Original_GitHub,0.903824200913242,292.2703023189147
Multivariate,Ridge,0.1,0,Reimplementation,0.903824200913242,292.2703023189147
Multivariate,Ridge,0.1,0,MAPIE_Online,0.8896974885844748,298.64980008417075
Multivariate,Ridge,0.1,0,MAPIE_Batch,0.7217465753424658,213.10669776723685
Multivariate,Ridge,0.1,1,Original_GitHub,0.9043949771689498,291.8673809130511
Multivariate,Ridge,0.1,1,MAPIE_Online,0.8896974885844748,298.64980008417075
Multivariate,Ridge,0.1,1,MAPIE_Batch,0.7217465753424658,213.10669776723685
Multivariate,Ridge,0.1,2,Original_GitHub,0.9043949771689498,290.11652100181965
Multivariate,Ridge,0.1,2,MAPIE_Online,0.8896974885844748,298.64980008417075
Multivariate,Ridge,0.1,2,MAPIE_Batch,0.7217465753424658,213.10669776723685
Multivariate,Ridge,0.1,3,Original_GitHub,0.9042522831050228,290.457073107721
Multivariate,Ridge,0.1,3,MAPIE_Online,0.8896974885844748,298.64980008417075
Multivariate,Ridge,0.1,3,MAPIE_Batch,0.7217465753424658,213.10669776723685
Multivariate,Ridge,0.1,4,Original_GitHub,0.903966894977169,292.32531917345267
Multivariate,Ridge,0.1,4,MAPIE_Online,0.8896974885844748,298.64980008417075
Multivariate,Ridge,0.1,4,MAPIE_Batch,0.7217465753424658,213.10669776723685
Multivariate,Ridge,0.1,5,Original_GitHub,0.903824200913242,292.0936584951085
Multivariate,Ridge,0.1,5,MAPIE_Online,0.8896974885844748,298.64980008417075
Multivariate,Ridge,0.1,5,MAPIE_Batch,0.7217465753424658,213.10669776723685
Multivariate,Ridge,0.1,6,Original_GitHub,0.9041095890410958,292.02037519246227
Multivariate,Ridge,0.1,6,MAPIE_Online,0.8896974885844748,298.64980008417075
Multivariate,Ridge,0.1,6,MAPIE_Batch,0.7217465753424658,213.10669776723685
Multivariate,Ridge,0.1,7,Original_GitHub,0.903966894977169,291.4521552032123
Multivariate,Ridge,0.1,7,MAPIE_Online,0.8896974885844748,298.64980008417075
Multivariate,Ridge,0.1,7,MAPIE_Batch,0.7217465753424658,213.10669776723685
Multivariate,Ridge,0.1,8,Original_GitHub,0.9041095890410958,291.85617869428074
Multivariate,Ridge,0.1,8,MAPIE_Online,0.8896974885844748,298.64980008417075
Multivariate,Ridge,0.1,8,MAPIE_Batch,0.7217465753424658,213.10669776723685
Multivariate,Ridge,0.1,9,Original_GitHub,0.903966894977169,291.8804829515713
Multivariate,Ridge,0.1,9,MAPIE_Online,0.8896974885844748,298.64980008417075
Multivariate,Ridge,0.1,9,MAPIE_Batch,0.7217465753424658,213.10669776723685
Multivariate,Ridge,0.15000000000000002,0,Original_GitHub,0.8503139269406392,216.9471147388158
Multivariate,Ridge,0.15000000000000002,0,Reimplementation,0.8503139269406392,216.9471147388158
Multivariate,Ridge,0.15000000000000002,0,MAPIE_Online,0.8361872146118722,256.1813645664454
Multivariate,Ridge,0.15000000000000002,0,MAPIE_Batch,0.6396974885844748,157.007088541387
Multivariate,Ridge,0.15000000000000002,1,Original_GitHub,0.8500285388127854,217.4890540079405
Multivariate,Ridge,0.15000000000000002,1,MAPIE_Online,0.8361872146118722,256.1813645664454
Multivariate,Ridge,0.15000000000000002,1,MAPIE_Batch,0.6396974885844748,157.007088541387
Multivariate,Ridge,0.15000000000000002,2,Original_GitHub,0.8496004566210046,218.37830136370832
Multivariate,Ridge,0.15000000000000002,2,MAPIE_Online,0.8361872146118722,256.1813645664454
Multivariate,Ridge,0.15000000000000002,2,MAPIE_Batch,0.6396974885844748,157.007088541387
Multivariate,Ridge,0.15000000000000002,3,Original_GitHub,0.8498858447488584,218.2266678556881
Multivariate,Ridge,0.15000000000000002,3,MAPIE_Online,0.8361872146118722,256.1813645664454
Multivariate,Ridge,0.15000000000000002,3,MAPIE_Batch,0.6396974885844748,157.007088541387
Multivariate,Ridge,0.15000000000000002,4,Original_GitHub,0.8504566210045662,216.15954213543742
Multivariate,Ridge,0.15000000000000002,4,MAPIE_Online,0.8361872146118722,256.1813645664454
Multivariate,Ridge,0.15000000000000002,4,MAPIE_Batch,0.6396974885844748,157.007088541387
Multivariate,Ridge,0.15000000000000002,5,Original_GitHub,0.8500285388127854,217.36555602724476
Multivariate,Ridge,0.15000000000000002,5,MAPIE_Online,0.8361872146118722,256.1813645664454
Multivariate,Ridge,0.15000000000000002,5,MAPIE_Batch,0.6396974885844748,157.007088541387
Multivariate,Ridge,0.15000000000000002,6,Original_GitHub,0.8504566210045662,217.36738118786675
Multivariate,Ridge,0.15000000000000002,6,MAPIE_Online,0.8361872146118722,256.1813645664454
Multivariate,Ridge,0.15000000000000002,6,MAPIE_Batch,0.6396974885844748,157.007088541387
Multivariate,Ridge,0.15000000000000002,7,Original_GitHub,0.8501712328767124,217.1669547417652
Multivariate,Ridge,0.15000000000000002,7,MAPIE_Online,0.8361872146118722,256.1813645664454
Multivariate,Ridge,0.15000000000000002,7,MAPIE_Batch,0.6396974885844748,157.007088541387
Multivariate,Ridge,0.15000000000000002,8,Original_GitHub,0.8498858447488584,217.32177746484433
Multivariate,Ridge,0.15000000000000002,8,MAPIE_Online,0.8361872146118722,256.1813645664454
Multivariate,Ridge,0.15000000000000002,8,MAPIE_Batch,0.6396974885844748,157.007088541387
Multivariate,Ridge,0.15000000000000002,9,Original_GitHub,0.8496004566210046,217.06317543010027
Multivariate,Ridge,0.15000000000000002,9,MAPIE_Online,0.8361872146118722,256.1813645664454
Multivariate,Ridge,0.15000000000000002,9,MAPIE_Batch,0.6396974885844748,157.007088541387
Multivariate,Ridge,0.2,0,Original_GitHub,0.7943778538812786,179.08083847429327
Multivariate,Ridge,0.2,0,Reimplementation,0.7943778538812786,179.08083847429327
Multivariate,Ridge,0.2,0,MAPIE_Online,0.7778253424657534,214.42401273559568
Multivariate,Ridge,0.2,0,MAPIE_Batch,0.5677796803652968,123.5023490312901
Multivariate,Ridge,0.2,1,Original_GitHub,0.795519406392694,180.06683352448783
Multivariate,Ridge,0.2,1,MAPIE_Online,0.7778253424657534,214.42401273559568
Multivariate,Ridge,0.2,1,MAPIE_Batch,0.5677796803652968,123.5023490312901
Multivariate,Ridge,0.2,2,Original_GitHub,0.7939497716894978,181.54441916733646
Multivariate,Ridge,0.2,2,MAPIE_Online,0.7778253424657534,214.42401273559568
Multivariate,Ridge,0.2,2,MAPIE_Batch,0.5677796803652968,123.5023490312901
Multivariate,Ridge,0.2,3,Original_GitHub,0.793236301369863,181.32563542509808
Multivariate,Ridge,0.2,3,MAPIE_Online,0.7778253424657534,214.42401273559568
Multivariate,Ridge,0.2,3,MAPIE_Batch,0.5677796803652968,123.5023490312901
Multivariate,Ridge,0.2,4,Original_GitHub,0.7950913242009132,178.2834883895146
Multivariate,Ridge,0.2,4,MAPIE_Online,0.7778253424657534,214.42401273559568
Multivariate,Ridge,0.2,4,MAPIE_Batch,0.5677796803652968,123.5023490312901
Multivariate,Ridge,0.2,5,Original_GitHub,0.7943778538812786,179.85463043763107
Multivariate,Ridge,0.2,5,MAPIE_Online,0.7778253424657534,214.42401273559568
Multivariate,Ridge,0.2,5,MAPIE_Batch,0.5677796803652968,123.5023490312901
Multivariate,Ridge,0.2,6,Original_GitHub,0.7940924657534246,179.40287215804005
Multivariate,Ridge,0.2,6,MAPIE_Online,0.7778253424657534,214.42401273559568
Multivariate,Ridge,0.2,6,MAPIE_Batch,0.5677796803652968,123.5023490312901
Multivariate,Ridge,0.2,7,Original_GitHub,0.7942351598173516,179.38636701016532
Multivariate,Ridge,0.2,7,MAPIE_Online,0.7778253424657534,214.42401273559568
Multivariate,Ridge,0.2,7,MAPIE_Batch,0.5677796803652968,123.5023490312901
Multivariate,Ridge,0.2,8,Original_GitHub,0.7939497716894978,179.62903099496458
Multivariate,Ridge,0.2,8,MAPIE_Online,0.7778253424657534,214.42401273559568
Multivariate,Ridge,0.2,8,MAPIE_Batch,0.5677796803652968,123.5023490312901
Multivariate,Ridge,0.2,9,Original_GitHub,0.7948059360730594,179.07789900600812
Multivariate,Ridge,0.2,9,MAPIE_Online,0.7778253424657534,214.42401273559568
Multivariate,Ridge,0.2,9,MAPIE_Batch,0.5677796803652968,123.5023490312901
Multivariate,Ridge,0.25,0,Original_GitHub,0.7422945205479452,156.85615292786912
Multivariate,Ridge,0.25,0,Reimplementation,0.7422945205479452,156.85615292786912
Multivariate,Ridge,0.25,0,MAPIE_Online,0.7190353881278538,175.11025857360704
Multivariate,Ridge,0.25,0,MAPIE_Batch,0.5226883561643836,104.99972412795866
Multivariate,Ridge,0.25,1,Original_GitHub,0.742865296803653,157.89659399941286
Multivariate,Ridge,0.25,1,MAPIE_Online,0.7190353881278538,175.11025857360704
Multivariate,Ridge,0.25,1,MAPIE_Batch,0.5226883561643836,104.99972412795866
Multivariate,Ridge,0.25,2,Original_GitHub,0.742865296803653,159.4511031028656
Multivariate,Ridge,0.25,2,MAPIE_Online,0.7190353881278538,175.11025857360704
Multivariate,Ridge,0.25,2,MAPIE_Batch,0.5226883561643836,104.99972412795866
Multivariate,Ridge,0.25,3,Original_GitHub,0.742579908675799,159.28048890215467
Multivariate,Ridge,0.25,3,MAPIE_Online,0.7190353881278538,175.11025857360704
Multivariate,Ridge,0.25,3,MAPIE_Batch,0.5226883561643836,104.99972412795866
Multivariate,Ridge,0.25,4,Original_GitHub,0.7415810502283106,156.07027111918322
Multivariate,Ridge,0.25,4,MAPIE_Online,0.7190353881278538,175.11025857360704
Multivariate,Ridge,0.25,4,MAPIE_Batch,0.5226883561643836,104.99972412795866
Multivariate,Ridge,0.25,5,Original_GitHub,0.7432933789954338,157.70234268470722
Multivariate,Ridge,0.25,5,MAPIE_Online,0.7190353881278538,175.11025857360704
Multivariate,Ridge,0.25,5,MAPIE_Batch,0.5226883561643836,104.99972412795866
Multivariate,Ridge,0.25,6,Original_GitHub,0.7432933789954338,157.0464680668604
Multivariate,Ridge,0.25,6,MAPIE_Online,0.7190353881278538,175.11025857360704
Multivariate,Ridge,0.25,6,MAPIE_Batch,0.5226883561643836,104.99972412795866
Multivariate,Ridge,0.25,7,Original_GitHub,0.7424372146118722,157.21663203167952
Multivariate,Ridge,0.25,7,MAPIE_Online,0.7190353881278538,175.11025857360704
Multivariate,Ridge,0.25,7,MAPIE_Batch,0.5226883561643836,104.99972412795866
Multivariate,Ridge,0.25,8,Original_GitHub,0.7434360730593608,157.5164847935531
Multivariate,Ridge,0.25,8,MAPIE_Online,0.7190353881278538,175.11025857360704
Multivariate,Ridge,0.25,8,MAPIE_Batch,0.5226883561643836,104.99972412795866
Multivariate,Ridge,0.25,9,Original_GitHub,0.7422945205479452,156.71880457839012
Multivariate,Ridge,0.25,9,MAPIE_Online,0.7190353881278538,175.11025857360704
Multivariate,Ridge,0.25,9,MAPIE_Batch,0.5226883561643836,104.99972412795866
Multivariate,RF,0.05,0,Original_GitHub,0.9534817351598174,401.7567859506354
Multivariate,RF,0.05,0,Reimplementation,0.9534817351598174,401.7567859506354
Multivariate,RF,0.05,0,MAPIE_Online,0.9506278538812786,368.95902355782437
Multivariate,RF,0.05,0,MAPIE_Batch,0.872574200913242,211.5932957265757
Multivariate,RF,0.05,1,Original_GitHub,0.9530536529680366,402.75084326566326
Multivariate,RF,0.05,1,MAPIE_Online,0.9506278538812786,368.95902355782437
Multivariate,RF,0.05,1,MAPIE_Batch,0.872574200913242,211.5932957265757
Multivariate,RF,0.05,2,Original_GitHub,0.9534817351598174,399.6214321859974
Multivariate,RF,0.05,2,MAPIE_Online,0.9506278538812786,368.95902355782437
Multivariate,RF,0.05,2,MAPIE_Batch,0.872574200913242,211.5932957265757
Multivariate,RF,0.05,3,Original_GitHub,0.9536244292237442,403.31108492945566
Multivariate,RF,0.05,3,MAPIE_Online,0.9506278538812786,368.95902355782437
Multivariate,RF,0.05,3,MAPIE_Batch,0.872574200913242,211.5932957265757
Multivariate,RF,0.05,4,Original_GitHub,0.954337899543379,403.27498512425376
Multivariate,RF,0.05,4,MAPIE_Online,0.9506278538812786,368.95902355782437
Multivariate,RF,0.05,4,MAPIE_Batch,0.872574200913242,211.5932957265757
Multivariate,RF,0.05,5,Original_GitHub,0.9534817351598174,403.152380226057
Multivariate,RF,0.05,5,MAPIE_Online,0.9506278538812786,368.95902355782437
Multivariate,RF,0.05,5,MAPIE_Batch,0.872574200913242,211.5932957265757
Multivariate,RF,0.05,6,Original_GitHub,0.954195205479452,402.04568032694067
Multivariate,RF,0.05,6,MAPIE_Online,0.9506278538812786,368.95902355782437
Multivariate,RF,0.05,6,MAPIE_Batch,0.872574200913242,211.5932957265757
Multivariate,RF,0.05,7,Original_GitHub,0.9537671232876712,400.4161952370544
Multivariate,RF,0.05,7,MAPIE_Online,0.9506278538812786,368.95902355782437
Multivariate,RF,0.05,7,MAPIE_Batch,0.872574200913242,211.5932957265757
Multivariate,RF,0.05,8,Original_GitHub,0.9531963470319634,405.87505729757123
Multivariate,RF,0.05,8,MAPIE_Online,0.9506278538812786,368.95902355782437
Multivariate,RF,0.05,8,MAPIE_Batch,0.872574200913242,211.5932957265757
Multivariate,RF,0.05,9,Original_GitHub,0.9539098173515982,402.94242558915874
Multivariate,RF,0.05,9,MAPIE_Online,0.9506278538812786,368.95902355782437
Multivariate,RF,0.05,9,MAPIE_Batch,0.872574200913242,211.5932957265757
Multivariate,RF,0.1,0,Original_GitHub,0.9016837899543378,283.8028636218931
Multivariate,RF,0.1,0,Reimplementation,0.9016837899543378,283.8028636218931
Multivariate,RF,0.1,0,MAPIE_Online,0.9052511415525114,272.2043582398462
Multivariate,RF,0.1,0,MAPIE_Batch,0.5800513698630136,133.0755924458468
Multivariate,RF,0.1,1,Original_GitHub,0.9022545662100456,284.04342278416317
Multivariate,RF,0.1,1,MAPIE_Online,0.9052511415525114,272.2043582398462
Multivariate,RF,0.1,1,MAPIE_Batch,0.5800513698630136,133.0755924458468
Multivariate,RF,0.1,2,Original_GitHub,0.901541095890411,282.45454536215055
Multivariate,RF,0.1,2,MAPIE_Online,0.9052511415525114,272.2043582398462
Multivariate,RF,0.1,2,MAPIE_Batch,0.5800513698630136,133.0755924458468
Multivariate,RF,0.1,3,Original_GitHub,0.9031107305936074,284.5747831237903
Multivariate,RF,0.1,3,MAPIE_Online,0.9052511415525114,272.2043582398462
Multivariate,RF,0.1,3,MAPIE_Batch,0.5800513698630136,133.0755924458468
Multivariate,RF,0.1,4,Original_GitHub,0.9018264840182648,284.0559324098573
Multivariate,RF,0.1,4,MAPIE_Online,0.9052511415525114,272.2043582398462
Multivariate,RF,0.1,4,MAPIE_Batch,0.5800513698630136,133.0755924458468
Multivariate,RF,0.1,5,Original_GitHub,0.9016837899543378,283.7296710765521
Multivariate,RF,0.1,5,MAPIE_Online,0.9052511415525114,272.2043582398462
Multivariate,RF,0.1,5,MAPIE_Batch,0.5800513698630136,133.0755924458468
Multivariate,RF,0.1,6,Original_GitHub,0.9022545662100456,282.98066820051525
Multivariate,RF,0.1,6,MAPIE_Online,0.9052511415525114,272.2043582398462
Multivariate,RF,0.1,6,MAPIE_Batch,0.5800513698630136,133.0755924458468
Multivariate,RF,0.1,7,Original_GitHub,0.9021118721461188,282.4872088584146
Multivariate,RF,0.1,7,MAPIE_Online,0.9052511415525114,272.2043582398462
Multivariate,RF,0.1,7,MAPIE_Batch,0.5800513698630136,133.0755924458468
Multivariate,RF,0.1,8,Original_GitHub,0.9018264840182648,284.53402647036955
Multivariate,RF,0.1,8,MAPIE_Online,0.9052511415525114,272.2043582398462
Multivariate,RF,0.1,8,MAPIE_Batch,0.5800513698630136,133.0755924458468
Multivariate,RF,0.1,9,Original_GitHub,0.9016837899543378,283.54791288155815
Multivariate,RF,0.1,9,MAPIE_Online,0.9052511415525114,272.2043582398462
Multivariate,RF,0.1,9,MAPIE_Batch,0.5800513698630136,133.0755924458468
Multivariate,RF,0.15000000000000002,0,Original_GitHub,0.8540239726027398,205.932091383509
Multivariate,RF,0.15000000000000002,0,Reimplementation,0.8540239726027398,205.932091383509
Multivariate,RF,0.15000000000000002,0,MAPIE_Online,0.8681506849315068,220.14106930243148
Multivariate,RF,0.15000000000000002,0,MAPIE_Batch,0.5319634703196348,96.25655738801417
Multivariate,RF,0.15000000000000002,1,Original_GitHub,0.853453196347032,203.6752496446199
Multivariate,RF,0.15000000000000002,1,MAPIE_Online,0.8681506849315068,220.14106930243148
Multivariate,RF,0.15000000000000002,1,MAPIE_Batch,0.5319634703196348,96.25655738801417
Multivariate,RF,0.15000000000000002,2,Original_GitHub,0.8545947488584474,202.32419776306944
Multivariate,RF,0.15000000000000002,2,MAPIE_Online,0.8681506849315068,220.14106930243148
Multivariate,RF,0.15000000000000002,2,MAPIE_Batch,0.5319634703196348,96.25655738801417
Multivariate,RF,0.15000000000000002,3,Original_GitHub,0.8524543378995434,204.58933653076858
Multivariate,RF,0.15000000000000002,3,MAPIE_Online,0.8681506849315068,220.14106930243148
Multivariate,RF,0.15000000000000002,3,MAPIE_Batch,0.5319634703196348,96.25655738801417
Multivariate,RF,0.15000000000000002,4,Original_GitHub,0.8527397260273972,204.2581659392497
Multivariate,RF,0.15000000000000002,4,MAPIE_Online,0.8681506849315068,220.14106930243148
Multivariate,RF,0.15000000000000002,4,MAPIE_Batch,0.5319634703196348,96.25655738801417
Multivariate,RF,0.15000000000000002,5,Original_GitHub,0.8540239726027398,203.69006545876417
Multivariate,RF,0.15000000000000002,5,MAPIE_Online,0.8681506849315068,220.14106930243148
Multivariate,RF,0.15000000000000002,5,MAPIE_Batch,0.5319634703196348,96.25655738801417
Multivariate,RF,0.15000000000000002,6,Original_GitHub,0.8545947488584474,202.48334750930292
Multivariate,RF,0.15000000000000002,6,MAPIE_Online,0.8681506849315068,220.14106930243148
Multivariate,RF,0.15000000000000002,6,MAPIE_Batch,0.5319634703196348,96.25655738801417
Multivariate,RF,0.15000000000000002,7,Original_GitHub,0.8544520547945206,202.96474952811707
Multivariate,RF,0.15000000000000002,7,MAPIE_Online,0.8681506849315068,220.14106930243148
Multivariate,RF,0.15000000000000002,7,MAPIE_Batch,0.5319634703196348,96.25655738801417
Multivariate,RF,0.15000000000000002,8,Original_GitHub,0.8540239726027398,204.33489585139836
Multivariate,RF,0.15000000000000002,8,MAPIE_Online,0.8681506849315068,220.14106930243148
Multivariate,RF,0.15000000000000002,8,MAPIE_Batch,0.5319634703196348,96.25655738801417
Multivariate,RF,0.15000000000000002,9,Original_GitHub,0.8530251141552512,202.98717186689998
Multivariate,RF,0.15000000000000002,9,MAPIE_Online,0.8681506849315068,220.14106930243148
Multivariate,RF,0.15000000000000002,9,MAPIE_Batch,0.5319634703196348,96.25655738801417
Multivariate,RF,0.2,0,Original_GitHub,0.7975171232876712,152.1254448564588
Multivariate,RF,0.2,0,Reimplementation,0.7975171232876712,152.1254448564588
Multivariate,RF,0.2,0,MAPIE_Online,0.8247716894977168,180.69536216208297
Multivariate,RF,0.2,0,MAPIE_Batch,0.4653253424657534,72.10484970114909
Multivariate,RF,0.2,1,Original_GitHub,0.7949486301369864,148.8930932560636
Multivariate,RF,0.2,1,MAPIE_Online,0.8247716894977168,180.69536216208297
Multivariate,RF,0.2,1,MAPIE_Batch,0.4653253424657534,72.10484970114909
Multivariate,RF,0.2,2,Original_GitHub,0.7943778538812786,147.11531794109885
Multivariate,RF,0.2,2,MAPIE_Online,0.8247716894977168,180.69536216208297
Multivariate,RF,0.2,2,MAPIE_Batch,0.4653253424657534,72.10484970114909
Multivariate,RF,0.2,3,Original_GitHub,0.7943778538812786,152.64709262008043
Multivariate,RF,0.2,3,MAPIE_Online,0.8247716894977168,180.69536216208297
Multivariate,RF,0.2,3,MAPIE_Batch,0.4653253424657534,72.10484970114909
Multivariate,RF,0.2,4,Original_GitHub,0.7936643835616438,151.52141954920054
Multivariate,RF,0.2,4,MAPIE_Online,0.8247716894977168,180.69536216208297
Multivariate,RF,0.2,4,MAPIE_Batch,0.4653253424657534,72.10484970114909
Multivariate,RF,0.2,5,Original_GitHub,0.7973744292237442,149.35583579112156
Multivariate,RF,0.2,5,MAPIE_Online,0.8247716894977168,180.69536216208297
Multivariate,RF,0.2,5,MAPIE_Batch,0.4653253424657534,72.10484970114909
Multivariate,RF,0.2,6,Original_GitHub,0.7959474885844748,148.3463410633953
Multivariate,RF,0.2,6,MAPIE_Online,0.8247716894977168,180.69536216208297
Multivariate,RF,0.2,6,MAPIE_Batch,0.4653253424657534,72.10484970114909
Multivariate,RF,0.2,7,Original_GitHub,0.7960901826484018,148.17497125761534
Multivariate,RF,0.2,7,MAPIE_Online,0.8247716894977168,180.69536216208297
Multivariate,RF,0.2,7,MAPIE_Batch,0.4653253424657534,72.10484970114909
Multivariate,RF,0.2,8,Original_GitHub,0.7975171232876712,149.82673822483466
Multivariate,RF,0.2,8,MAPIE_Online,0.8247716894977168,180.69536216208297
Multivariate,RF,0.2,8,MAPIE_Batch,0.4653253424657534,72.10484970114909
Multivariate,RF,0.2,9,Original_GitHub,0.7935216894977168,148.2742373746453
Multivariate,RF,0.2,9,MAPIE_Online,0.8247716894977168,180.69536216208297
Multivariate,RF,0.2,9,MAPIE_Batch,0.4653253424657534,72.10484970114909
Multivariate,RF,0.25,0,Original_GitHub,0.7559931506849316,130.84532842616213
Multivariate,RF,0.25,0,Reimplementation,0.7559931506849316,130.84532842616213
Multivariate,RF,0.25,0,MAPIE_Online,0.7875285388127854,145.10600177753048
Multivariate,RF,0.25,0,MAPIE_Batch,0.4019691780821918,49.527427049759304
Multivariate,RF,0.25,1,Original_GitHub,0.7529965753424658,126.77767517845287
Multivariate,RF,0.25,1,MAPIE_Online,0.7875285388127854,145.10600177753048
Multivariate,RF,0.25,1,MAPIE_Batch,0.4019691780821918,49.527427049759304
Multivariate,RF,0.25,2,Original_GitHub,0.7454337899543378,121.696842976272
Multivariate,RF,0.25,2,MAPIE_Online,0.7875285388127854,145.10600177753048
Multivariate,RF,0.25,2,MAPIE_Batch,0.4019691780821918,49.527427049759304
Multivariate,RF,0.25,3,Original_GitHub,0.7537100456621004,134.17733181226427
Multivariate,RF,0.25,3,MAPIE_Online,0.7875285388127854,145.10600177753048
Multivariate,RF,0.25,3,MAPIE_Batch,0.4019691780821918,49.527427049759304
Multivariate,RF,0.25,4,Original_GitHub,0.7521404109589042,132.2910129110747
Multivariate,RF,0.25,4,MAPIE_Online,0.7875285388127854,145.10600177753048
Multivariate,RF,0.25,4,MAPIE_Batch,0.4019691780821918,49.527427049759304
Multivariate,RF,0.25,5,Original_GitHub,0.7557077625570776,126.82843274140842
Multivariate,RF,0.25,5,MAPIE_Online,0.7875285388127854,145.10600177753048
Multivariate,RF,0.25,5,MAPIE_Batch,0.4019691780821918,49.527427049759304
Multivariate,RF,0.25,6,Original_GitHub,0.7534246575342466,124.01284430801918
Multivariate,RF,0.25,6,MAPIE_Online,0.7875285388127854,145.10600177753048
Multivariate,RF,0.25,6,MAPIE_Batch,0.4019691780821918,49.527427049759304
Multivariate,RF,0.25,7,Original_GitHub,0.7490011415525114,123.4985067397274
Multivariate,RF,0.25,7,MAPIE_Online,0.7875285388127854,145.10600177753048
Multivariate,RF,0.25,7,MAPIE_Batch,0.4019691780821918,49.527427049759304
Multivariate,RF,0.25,8,Original_GitHub,0.7577054794520548,128.4991858791093
Multivariate,RF,0.25,8,MAPIE_Online,0.7875285388127854,145.10600177753048
Multivariate,RF,0.25,8,MAPIE_Batch,0.4019691780821918,49.527427049759304
Multivariate,RF,0.25,9,Original_GitHub,0.7480022831050228,124.20602272049649
Multivariate,RF,0.25,9,MAPIE_Online,0.7875285388127854,145.10600177753048
Multivariate,RF,0.25,9,MAPIE_Batch,0.4019691780821918,49.527427049759304
Multivariate,MLP,0.05,0,Original_GitHub,0.954337899543379,584.8292737525022
Multivariate,MLP,0.05,0,Reimplementation,0.954337899543379,584.8292737525022
Multivariate,MLP,0.05,0,MAPIE_Online,0.9390696347031964,380.51777516937034
Multivariate,MLP,0.05,0,MAPIE_Batch,0.8994006849315068,265.7719517749978
Multivariate,MLP,0.05,1,Original_GitHub,0.954195205479452,583.4929394722457
Multivariate,MLP,0.05,1,MAPIE_Online,0.9390696347031964,380.51777516937034
Multivariate,MLP,0.05,1,MAPIE_Batch,0.8994006849315068,265.7719517749978
Multivariate,MLP,0.05,2,Original_GitHub,0.9540525114155252,581.1162244685639
Multivariate,MLP,0.05,2,MAPIE_Online,0.9390696347031964,380.51777516937034
Multivariate,MLP,0.05,2,MAPIE_Batch,0.8994006849315068,265.7719517749978
Multivariate,MLP,0.05,3,Original_GitHub,0.9540525114155252,583.2333185121182
Multivariate,MLP,0.05,3,MAPIE_Online,0.9390696347031964,380.51777516937034
Multivariate,MLP,0.05,3,MAPIE_Batch,0.8994006849315068,265.7719517749978
Multivariate,MLP,0.05,4,Original_GitHub,0.9539098173515982,583.8166727564313
Multivariate,MLP,0.05,4,MAPIE_Online,0.9390696347031964,380.51777516937034
Multivariate,MLP,0.05,4,MAPIE_Batch,0.8994006849315068,265.7719517749978
Multivariate,MLP,0.05,5,Original_GitHub,0.9540525114155252,583.9677183684247
Multivariate,MLP,0.05,5,MAPIE_Online,0.9390696347031964,380.51777516937034
Multivariate,MLP,0.05,5,MAPIE_Batch,0.8994006849315068,265.7719517749978
Multivariate,MLP,0.05,6,Original_GitHub,0.9539098173515982,583.7756651262083
Multivariate,MLP,0.05,6,MAPIE_Online,0.9390696347031964,380.51777516937034
Multivariate,MLP,0.05,6,MAPIE_Batch,0.8994006849315068,265.7719517749978
Multivariate,MLP,0.05,7,Original_GitHub,0.9540525114155252,581.6853641423445
Multivariate,MLP,0.05,7,MAPIE_Online,0.9390696347031964,380.51777516937034
Multivariate,MLP,0.05,7,MAPIE_Batch,0.8994006849315068,265.7719517749978
Multivariate,MLP,0.05,8,Original_GitHub,0.954195205479452,584.4736144566805
Multivariate,MLP,0.05,8,MAPIE_Online,0.9390696347031964,380.51777516937034
Multivariate,MLP,0.05,8,MAPIE_Batch,0.8994006849315068,265.7719517749978
Multivariate,MLP,0.05,9,Original_GitHub,0.954195205479452,585.185049078768
Multivariate,MLP,0.05,9,MAPIE_Online,0.9390696347031964,380.51777516937034
Multivariate,MLP,0.05,9,MAPIE_Batch,0.8994006849315068,265.7719517749978
Multivariate,MLP,0.1,0,Original_GitHub,0.8996860730593608,426.46411556504836
Multivariate,MLP,0.1,0,Reimplementation,0.8996860730593608,426.46411556504836
Multivariate,MLP,0.1,0,MAPIE_Online,0.8785673515981736,332.3242786005473
Multivariate,MLP,0.1,0,MAPIE_Batch,0.8550228310502284,198.95055025181546
Multivariate,MLP,0.1,1,Original_GitHub,0.8998287671232876,425.47300965667677
Multivariate,MLP,0.1,1,MAPIE_Online,0.8785673515981736,332.3242786005473
Multivariate,MLP,0.1,1,MAPIE_Batch,0.8550228310502284,198.95055025181546
Multivariate,MLP,0.1,2,Original_GitHub,0.8998287671232876,422.90837870839493
Multivariate,MLP,0.1,2,MAPIE_Online,0.8785673515981736,332.3242786005473
Multivariate,MLP,0.1,2,MAPIE_Batch,0.8550228310502284,198.95055025181546
Multivariate,MLP,0.1,3,Original_GitHub,0.8998287671232876,424.8690936081161
Multivariate,MLP,0.1,3,MAPIE_Online,0.8785673515981736,332.3242786005473
Multivariate,MLP,0.1,3,MAPIE_Batch,0.8550228310502284,198.95055025181546
Multivariate,MLP,0.1,4,Original_GitHub,0.8996860730593608,425.49560098826834
Multivariate,MLP,0.1,4,MAPIE_Online,0.8785673515981736,332.3242786005473
Multivariate,MLP,0.1,4,MAPIE_Batch,0.8550228310502284,198.95055025181546
Multivariate,MLP,0.1,5,Original_GitHub,0.8998287671232876,425.5799242953244
Multivariate,MLP,0.1,5,MAPIE_Online,0.8785673515981736,332.3242786005473
Multivariate,MLP,0.1,5,MAPIE_Batch,0.8550228310502284,198.95055025181546
Multivariate,MLP,0.1,6,Original_GitHub,0.8998287671232876,425.57869756111484
Multivariate,MLP,0.1,6,MAPIE_Online,0.8785673515981736,332.3242786005473
Multivariate,MLP,0.1,6,MAPIE_Batch,0.8550228310502284,198.95055025181546
Multivariate,MLP,0.1,7,Original_GitHub,0.8998287671232876,423.87288154331907
Multivariate,MLP,0.1,7,MAPIE_Online,0.8785673515981736,332.3242786005473
Multivariate,MLP,0.1,7,MAPIE_Batch,0.8550228310502284,198.95055025181546
Multivariate,MLP,0.1,8,Original_GitHub,0.8996860730593608,425.87923286250407
Multivariate,MLP,0.1,8,MAPIE_Online,0.8785673515981736,332.3242786005473
Multivariate,MLP,0.1,8,MAPIE_Batch,0.8550228310502284,198.95055025181546
Multivariate,MLP,0.1,9,Original_GitHub,0.8996860730593608,426.7850114493367
Multivariate,MLP,0.1,9,MAPIE_Online,0.8785673515981736,332.3242786005473
Multivariate,MLP,0.1,9,MAPIE_Batch,0.8550228310502284,198.95055025181546
Multivariate,MLP,0.15000000000000002,0,Original_GitHub,0.8525970319634704,261.6025109445273
Multivariate,MLP,0.15000000000000002,0,Reimplementation,0.8525970319634704,261.6025109445273
Multivariate,MLP,0.15000000000000002,0,MAPIE_Online,0.8284817351598174,291.0208798741342
Multivariate,MLP,0.15000000000000002,0,MAPIE_Batch,0.6484018264840182,147.32954389570548
Multivariate,MLP,0.15000000000000002,1,Original_GitHub,0.8527397260273972,261.25333567590184
Multivariate,MLP,0.15000000000000002,1,MAPIE_Online,0.8284817351598174,291.0208798741342
Multivariate,MLP,0.15000000000000002,1,MAPIE_Batch,0.6484018264840182,147.32954389570548
Multivariate,MLP,0.15000000000000002,2,Original_GitHub,0.853167808219178,259.4153877749605
Multivariate,MLP,0.15000000000000002,2,MAPIE_Online,0.8284817351598174,291.0208798741342
Multivariate,MLP,0.15000000000000002,2,MAPIE_Batch,0.6484018264840182,147.32954389570548
Multivariate,MLP,0.15000000000000002,3,Original_GitHub,0.8525970319634704,260.55311688976377
Multivariate,MLP,0.15000000000000002,3,MAPIE_Online,0.8284817351598174,291.0208798741342
Multivariate,MLP,0.15000000000000002,3,MAPIE_Batch,0.6484018264840182,147.32954389570548
Multivariate,MLP,0.15000000000000002,4,Original_GitHub,0.8524543378995434,260.8912584362144
Multivariate,MLP,0.15000000000000002,4,MAPIE_Online,0.8284817351598174,291.0208798741342
Multivariate,MLP,0.15000000000000002,4,MAPIE_Batch,0.6484018264840182,147.32954389570548
Multivariate,MLP,0.15000000000000002,5,Original_GitHub,0.8525970319634704,261.17988898551664
Multivariate,MLP,0.15000000000000002,5,MAPIE_Online,0.8284817351598174,291.0208798741342
Multivariate,MLP,0.15000000000000002,5,MAPIE_Batch,0.6484018264840182,147.32954389570548
Multivariate,MLP,0.15000000000000002,6,Original_GitHub,0.8525970319634704,261.3102580460997
Multivariate,MLP,0.15000000000000002,6,MAPIE_Online,0.8284817351598174,291.0208798741342
Multivariate,MLP,0.15000000000000002,6,MAPIE_Batch,0.6484018264840182,147.32954389570548
Multivariate,MLP,0.15000000000000002,7,Original_GitHub,0.8528824200913242,260.08218378118556
Multivariate,MLP,0.15000000000000002,7,MAPIE_Online,0.8284817351598174,291.0208798741342
Multivariate,MLP,0.15000000000000002,7,MAPIE_Batch,0.6484018264840182,147.32954389570548
Multivariate,MLP,0.15000000000000002,8,Original_GitHub,0.8527397260273972,261.04935756095773
Multivariate,MLP,0.15000000000000002,8,MAPIE_Online,0.8284817351598174,291.0208798741342
Multivariate,MLP,0.15000000000000002,8,MAPIE_Batch,0.6484018264840182,147.32954389570548
Multivariate,MLP,0.15000000000000002,9,Original_GitHub,0.8530251141552512,261.8095305537492
Multivariate,MLP,0.15000000000000002,9,MAPIE_Online,0.8284817351598174,291.0208798741342
Multivariate,MLP,0.15000000000000002,9,MAPIE_Batch,0.6484018264840182,147.32954389570548
Multivariate,MLP,0.2,0,Original_GitHub,0.8010844748858448,131.6832779778664
Multivariate,MLP,0.2,0,Reimplementation,0.8010844748858448,131.6832779778664
Multivariate,MLP,0.2,0,MAPIE_Online,0.7778253424657534,251.11731762942856
Multivariate,MLP,0.2,0,MAPIE_Batch,0.591466894977169,112.94522990725227
Multivariate,MLP,0.2,1,Original_GitHub,0.8010844748858448,131.54681868215695
Multivariate,MLP,0.2,1,MAPIE_Online,0.7778253424657534,251.11731762942856
Multivariate,MLP,0.2,1,MAPIE_Batch,0.591466894977169,112.94522990725227
Multivariate,MLP,0.2,2,Original_GitHub,0.8033675799086758,130.80954405200004
Multivariate,MLP,0.2,2,MAPIE_Online,0.7778253424657534,251.11731762942856
Multivariate,MLP,0.2,2,MAPIE_Batch,0.591466894977169,112.94522990725227
Multivariate,MLP,0.2,3,Original_GitHub,0.8010844748858448,131.3744347056329
Multivariate,MLP,0.2,3,MAPIE_Online,0.7778253424657534,251.11731762942856
Multivariate,MLP,0.2,3,MAPIE_Batch,0.591466894977169,112.94522990725227
Multivariate,MLP,0.2,4,Original_GitHub,0.8000856164383562,131.48295870016517
Multivariate,MLP,0.2,4,MAPIE_Online,0.7778253424657534,251.11731762942856
Multivariate,MLP,0.2,4,MAPIE_Batch,0.591466894977169,112.94522990725227
Multivariate,MLP,0.2,5,Original_GitHub,0.800656392694064,131.5942190894134
Multivariate,MLP,0.2,5,MAPIE_Online,0.7778253424657534,251.11731762942856
Multivariate,MLP,0.2,5,MAPIE_Batch,0.591466894977169,112.94522990725227
Multivariate,MLP,0.2,6,Original_GitHub,0.8012271689497716,131.76727564918704
Multivariate,MLP,0.2,6,MAPIE_Online,0.7778253424657534,251.11731762942856
Multivariate,MLP,0.2,6,MAPIE_Batch,0.591466894977169,112.94522990725227
Multivariate,MLP,0.2,7,Original_GitHub,0.8020833333333334,131.213734562702
Multivariate,MLP,0.2,7,MAPIE_Online,0.7778253424657534,251.11731762942856
Multivariate,MLP,0.2,7,MAPIE_Batch,0.591466894977169,112.94522990725227
Multivariate,MLP,0.2,8,Original_GitHub,0.7999429223744292,131.75832367368983
Multivariate,MLP,0.2,8,MAPIE_Online,0.7778253424657534,251.11731762942856
Multivariate,MLP,0.2,8,MAPIE_Batch,0.591466894977169,112.94522990725227
Multivariate,MLP,0.2,9,Original_GitHub,0.7999429223744292,132.01976526332714
Multivariate,MLP,0.2,9,MAPIE_Online,0.7778253424657534,251.11731762942856
Multivariate,MLP,0.2,9,MAPIE_Batch,0.591466894977169,112.94522990725227
Multivariate,MLP,0.25,0,Original_GitHub,0.7518550228310502,85.17428591333328
Multivariate,MLP,0.25,0,Reimplementation,0.7518550228310502,85.17428591333328
Multivariate,MLP,0.25,0,MAPIE_Online,0.7313070776255708,207.98504027851433
Multivariate,MLP,0.25,0,MAPIE_Batch,0.5251141552511416,84.61215806911653
Multivariate,MLP,0.25,1,Original_GitHub,0.7529965753424658,85.77780730872186
Multivariate,MLP,0.25,1,MAPIE_Online,0.7313070776255708,207.98504027851433
Multivariate,MLP,0.25,1,MAPIE_Batch,0.5251141552511416,84.61215806911653
Multivariate,MLP,0.25,2,Original_GitHub,0.7535673515981736,86.92430978448209
Multivariate,MLP,0.25,2,MAPIE_Online,0.7313070776255708,207.98504027851433
Multivariate,MLP,0.25,2,MAPIE_Batch,0.5251141552511416,84.61215806911653
Multivariate,MLP,0.25,3,Original_GitHub,0.7537100456621004,86.51602648535652
Multivariate,MLP,0.25,3,MAPIE_Online,0.7313070776255708,207.98504027851433
Multivariate,MLP,0.25,3,MAPIE_Batch,0.5251141552511416,84.61215806911653
Multivariate,MLP,0.25,4,Original_GitHub,0.752568493150685,85.93752311882463
Multivariate,MLP,0.25,4,MAPIE_Online,0.7313070776255708,207.98504027851433
Multivariate,MLP,0.25,4,MAPIE_Batch,0.5251141552511416,84.61215806911653
Multivariate,MLP,0.25,5,Original_GitHub,0.7532819634703196,86.00307487824159
Multivariate,MLP,0.25,5,MAPIE_Online,0.7313070776255708,207.98504027851433
Multivariate,MLP,0.25,5,MAPIE_Batch,0.5251141552511416,84.61215806911653
Multivariate,MLP,0.25,6,Original_GitHub,0.7531392694063926,86.16996972157919
Multivariate,MLP,0.25,6,MAPIE_Online,0.7313070776255708,207.98504027851433
Multivariate,MLP,0.25,6,MAPIE_Batch,0.5251141552511416,84.61215806911653
Multivariate,MLP,0.25,7,Original_GitHub,0.7539954337899544,86.68004709489323
Multivariate,MLP,0.25,7,MAPIE_Online,0.7313070776255708,207.98504027851433
Multivariate,MLP,0.25,7,MAPIE_Batch,0.5251141552511416,84.61215806911653
Multivariate,MLP,0.25,8,Original_GitHub,0.752568493150685,86.25292772938177
Multivariate,MLP,0.25,8,MAPIE_Online,0.7313070776255708,207.98504027851433
Multivariate,MLP,0.25,8,MAPIE_Batch,0.5251141552511416,84.61215806911653
Multivariate,MLP,0.25,9,Original_GitHub,0.752568493150685,85.63839682632472
Multivariate,MLP,0.25,9,MAPIE_Online,0.7313070776255708,207.98504027851433
Multivariate,MLP,0.25,9,MAPIE_Batch,0.5251141552511416,84.61215806911653
Univariate,Ridge,0.05,0,Original_GitHub,0.9489155251141552,302.1425244081708
Univariate,Ridge,0.05,0,Reimplementation,0.9489155251141552,302.1425244081708
Univariate,Ridge,0.05,0,MAPIE_Online,0.951769406392694,301.1049682778873
Univariate,Ridge,0.05,0,MAPIE_Batch,0.877283105022831,149.18642221078704
Univariate,Ridge,0.05,1,Original_GitHub,0.949486301369863,300.6686549110493
Univariate,Ridge,0.05,1,MAPIE_Online,0.951769406392694,301.1049682778873
Univariate,Ridge,0.05,1,MAPIE_Batch,0.877283105022831,149.18642221078704
Univariate,Ridge,0.05,2,Original_GitHub,0.9487728310502284,300.788907358869
Univariate,Ridge,0.05,2,MAPIE_Online,0.951769406392694,301.1049682778873
Univariate,Ridge,0.05,2,MAPIE_Batch,0.877283105022831,149.18642221078704
Univariate,Ridge,0.05,3,Original_GitHub,0.9489155251141552,301.43529183937295
Univariate,Ridge,0.05,3,MAPIE_Online,0.951769406392694,301.1049682778873
Univariate,Ridge,0.05,3,MAPIE_Batch,0.877283105022831,149.18642221078704
Univariate,Ridge,0.05,4,Original_GitHub,0.9489155251141552,300.31795630182876
Univariate,Ridge,0.05,4,MAPIE_Online,0.951769406392694,301.1049682778873
Univariate,Ridge,0.05,4,MAPIE_Batch,0.877283105022831,149.18642221078704
Univariate,Ridge,0.05,5,Original_GitHub,0.949486301369863,300.91718543375987
Univariate,Ridge,0.05,5,MAPIE_Online,0.951769406392694,301.1049682778873
Univariate,Ridge,0.05,5,MAPIE_Batch,0.877283105022831,149.18642221078704
Univariate,Ridge,0.05,6,Original_GitHub,0.9489155251141552,300.07628580632553
Univariate,Ridge,0.05,6,MAPIE_Online,0.951769406392694,301.1049682778873
Univariate,Ridge,0.05,6,MAPIE_Batch,0.877283105022831,149.18642221078704
Univariate,Ridge,0.05,7,Original_GitHub,0.949486301369863,301.4216624713977
Univariate,Ridge,0.05,7,MAPIE_Online,0.951769406392694,301.1049682778873
Univariate,Ridge,0.05,7,MAPIE_Batch,0.877283105022831,149.18642221078704
Univariate,Ridge,0.05,8,Original_GitHub,0.949486301369863,300.7460233986348
Univariate,Ridge,0.05,8,MAPIE_Online,0.951769406392694,301.1049682778873
Univariate,Ridge,0.05,8,MAPIE_Batch,0.877283105022831,149.18642221078704
Univariate,Ridge,0.05,9,Original_GitHub,0.9489155251141552,301.355265271391
Univariate,Ridge,0.05,9,MAPIE_Online,0.951769406392694,301.1049682778873
Univariate,Ridge,0.05,9,MAPIE_Batch,0.877283105022831,149.18642221078704
Univariate,Ridge,0.1,0,Original_GitHub,0.8999714611872146,196.00035493075674
Univariate,Ridge,0.1,0,Reimplementation,0.8999714611872146,196.00035493075674
Univariate,Ridge,0.1,0,MAPIE_Online,0.8978310502283106,175.871251510094
Univariate,Ridge,0.1,0,MAPIE_Batch,0.8159246575342466,100.08868036582635
Univariate,Ridge,0.1,1,Original_GitHub,0.8986872146118722,196.43809685278404
Univariate,Ridge,0.1,1,MAPIE_Online,0.8978310502283106,175.871251510094
Univariate,Ridge,0.1,1,MAPIE_Batch,0.8159246575342466,100.08868036582635
Univariate,Ridge,0.1,2,Original_GitHub,0.8982591324200914,197.76783871161945
Univariate,Ridge,0.1,2,MAPIE_Online,0.8978310502283106,175.871251510094
Univariate,Ridge,0.1,2,MAPIE_Batch,0.8159246575342466,100.08868036582635
Univariate,Ridge,0.1,3,Original_GitHub,0.9001141552511416,196.22541309681634
Univariate,Ridge,0.1,3,MAPIE_Online,0.8978310502283106,175.871251510094
Univariate,Ridge,0.1,3,MAPIE_Batch,0.8159246575342466,100.08868036582635
Univariate,Ridge,0.1,4,Original_GitHub,0.898829908675799,198.80991538523574
Univariate,Ridge,0.1,4,MAPIE_Online,0.8978310502283106,175.871251510094
Univariate,Ridge,0.1,4,MAPIE_Batch,0.8159246575342466,100.08868036582635
Univariate,Ridge,0.1,5,Original_GitHub,0.899115296803653,197.05115553946038
Univariate,Ridge,0.1,5,MAPIE_Online,0.8978310502283106,175.871251510094
Univariate,Ridge,0.1,5,MAPIE_Batch,0.8159246575342466,100.08868036582635
Univariate,Ridge,0.1,6,Original_GitHub,0.8986872146118722,199.15236853866995
Univariate,Ridge,0.1,6,MAPIE_Online,0.8978310502283106,175.871251510094
Univariate,Ridge,0.1,6,MAPIE_Batch,0.8159246575342466,100.08868036582635
Univariate,Ridge,0.1,7,Original_GitHub,0.899115296803653,196.7667353791911
Univariate,Ridge,0.1,7,MAPIE_Online,0.8978310502283106,175.871251510094
Univariate,Ridge,0.1,7,MAPIE_Batch,0.8159246575342466,100.08868036582635
Univariate,Ridge,0.1,8,Original_GitHub,0.8995433789954338,198.53489406022567
Univariate,Ridge,0.1,8,MAPIE_Online,0.8978310502283106,175.871251510094
Univariate,Ridge,0.1,8,MAPIE_Batch,0.8159246575342466,100.08868036582635
Univariate,Ridge,0.1,9,Original_GitHub,0.8985445205479452,195.4744330821948
Univariate,Ridge,0.1,9,MAPIE_Online,0.8978310502283106,175.871251510094
Univariate,Ridge,0.1,9,MAPIE_Batch,0.8159246575342466,100.08868036582635
Univariate,Ridge,0.15000000000000002,0,Original_GitHub,0.8467465753424658,138.01439394432887
Univariate,Ridge,0.15000000000000002,0,Reimplementation,0.8467465753424658,138.01439394432887
Univariate,Ridge,0.15000000000000002,0,MAPIE_Online,0.846033105022831,127.66620651554861
Univariate,Ridge,0.15000000000000002,0,MAPIE_Batch,0.692208904109589,67.001465962863
Univariate,Ridge,0.15000000000000002,1,Original_GitHub,0.8464611872146118,138.37870664597813
Univariate,Ridge,0.15000000000000002,1,MAPIE_Online,0.846033105022831,127.66620651554861
Univariate,Ridge,0.15000000000000002,1,MAPIE_Batch,0.692208904109589,67.001465962863
Univariate,Ridge,0.15000000000000002,2,Original_GitHub,0.846318493150685,139.30130985948088
Univariate,Ridge,0.15000000000000002,2,MAPIE_Online,0.846033105022831,127.66620651554861
Univariate,Ridge,0.15000000000000002,2,MAPIE_Batch,0.692208904109589,67.001465962863
Univariate,Ridge,0.15000000000000002,3,Original_GitHub,0.8468892694063926,138.5269761756081
Univariate,Ridge,0.15000000000000002,3,MAPIE_Online,0.846033105022831,127.66620651554861
Univariate,Ridge,0.15000000000000002,3,MAPIE_Batch,0.692208904109589,67.001465962863
Univariate,Ridge,0.15000000000000002,4,Original_GitHub,0.846175799086758,140.9331099328263
Univariate,Ridge,0.15000000000000002,4,MAPIE_Online,0.846033105022831,127.66620651554861
Univariate,Ridge,0.15000000000000002,4,MAPIE_Batch,0.692208904109589,67.001465962863
Univariate,Ridge,0.15000000000000002,5,Original_GitHub,0.846318493150685,138.6257030119825
Univariate,Ridge,0.15000000000000002,5,MAPIE_Online,0.846033105022831,127.66620651554861
Univariate,Ridge,0.15000000000000002,5,MAPIE_Batch,0.692208904109589,67.001465962863
Univariate,Ridge,0.15000000000000002,6,Original_GitHub,0.8457477168949772,141.0447921627642
Univariate,Ridge,0.15000000000000002,6,MAPIE_Online,0.846033105022831,127.66620651554861
Univariate,Ridge,0.15000000000000002,6,MAPIE_Batch,0.692208904109589,67.001465962863
Univariate,Ridge,0.15000000000000002,7,Original_GitHub,0.8466038812785388,138.90945609472124
Univariate,Ridge,0.15000000000000002,7,MAPIE_Online,0.846033105022831,127.66620651554861
Univariate,Ridge,0.15000000000000002,7,MAPIE_Batch,0.692208904109589,67.001465962863
Univariate,Ridge,0.15000000000000002,8,Original_GitHub,0.8466038812785388,140.1294556861274
Univariate,Ridge,0.15000000000000002,8,MAPIE_Online,0.846033105022831,127.66620651554861
Univariate,Ridge,0.15000000000000002,8,MAPIE_Batch,0.692208904109589,67.001465962863
Univariate,Ridge,0.15000000000000002,9,Original_GitHub,0.8466038812785388,137.36812453477265
Univariate,Ridge,0.15000000000000002,9,MAPIE_Online,0.846033105022831,127.66620651554861
Univariate,Ridge,0.15000000000000002,9,MAPIE_Batch,0.692208904109589,67.001465962863
Univariate,Ridge,0.2,0,Original_GitHub,0.7962328767123288,101.57905396497544
Univariate,Ridge,0.2,0,Reimplementation,0.7962328767123288,101.57905396497544
Univariate,Ridge,0.2,0,MAPIE_Online,0.7925228310502284,99.19242534462026
Univariate,Ridge,0.2,0,MAPIE_Batch,0.5837614155251142,49.95960081582213
Univariate,Ridge,0.2,1,Original_GitHub,0.798230593607306,102.69891844534486
Univariate,Ridge,0.2,1,MAPIE_Online,0.7925228310502284,99.19242534462026
Univariate,Ridge,0.2,1,MAPIE_Batch,0.5837614155251142,49.95960081582213
Univariate,Ridge,0.2,2,Original_GitHub,0.7968036529680366,102.88332778447797
Univariate,Ridge,0.2,2,MAPIE_Online,0.7925228310502284,99.19242534462026
Univariate,Ridge,0.2,2,MAPIE_Batch,0.5837614155251142,49.95960081582213
Univariate,Ridge,0.2,3,Original_GitHub,0.7973744292237442,102.33853409437262
Univariate,Ridge,0.2,3,MAPIE_Online,0.7925228310502284,99.19242534462026
Univariate,Ridge,0.2,3,MAPIE_Batch,0.5837614155251142,49.95960081582213
Univariate,Ridge,0.2,4,Original_GitHub,0.7963755707762558,103.97498397445382
Univariate,Ridge,0.2,4,MAPIE_Online,0.7925228310502284,99.19242534462026
Univariate,Ridge,0.2,4,MAPIE_Batch,0.5837614155251142,49.95960081582213
Univariate,Ridge,0.2,5,Original_GitHub,0.7973744292237442,102.27024174333114
Univariate,Ridge,0.2,5,MAPIE_Online,0.7925228310502284,99.19242534462026
Univariate,Ridge,0.2,5,MAPIE_Batch,0.5837614155251142,49.95960081582213
Univariate,Ridge,0.2,6,Original_GitHub,0.7960901826484018,104.34048157202334
Univariate,Ridge,0.2,6,MAPIE_Online,0.7925228310502284,99.19242534462026
Univariate,Ridge,0.2,6,MAPIE_Batch,0.5837614155251142,49.95960081582213
Univariate,Ridge,0.2,7,Original_GitHub,0.7960901826484018,102.78658532867786
Univariate,Ridge,0.2,7,MAPIE_Online,0.7925228310502284,99.19242534462026
Univariate,Ridge,0.2,7,MAPIE_Batch,0.5837614155251142,49.95960081582213
Univariate,Ridge,0.2,8,Original_GitHub,0.7978025114155252,103.3672933545433
Univariate,Ridge,0.2,8,MAPIE_Online,0.7925228310502284,99.19242534462026
Univariate,Ridge,0.2,8,MAPIE_Batch,0.5837614155251142,49.95960081582213
Univariate,Ridge,0.2,9,Original_GitHub,0.7972317351598174,101.57617651547291
Univariate,Ridge,0.2,9,MAPIE_Online,0.7925228310502284,99.19242534462026
Univariate,Ridge,0.2,9,MAPIE_Batch,0.5837614155251142,49.95960081582213
Univariate,Ridge,0.25,0,Original_GitHub,0.7431506849315068,80.32337718494834
Univariate,Ridge,0.25,0,Reimplementation,0.7431506849315068,80.32337718494834
Univariate,Ridge,0.25,0,MAPIE_Online,0.7388698630136986,78.84274272935305
Univariate,Ridge,0.25,0,MAPIE_Batch,0.5176940639269406,42.085635700950725
Univariate,Ridge,0.25,1,Original_GitHub,0.7447203196347032,81.23767389351181
Univariate,Ridge,0.25,1,MAPIE_Online,0.7388698630136986,78.84274272935305
Univariate,Ridge,0.25,1,MAPIE_Batch,0.5176940639269406,42.085635700950725
Univariate,Ridge,0.25,2,Original_GitHub,0.742579908675799,81.04911268145241
Univariate,Ridge,0.25,2,MAPIE_Online,0.7388698630136986,78.84274272935305
Univariate,Ridge,0.25,2,MAPIE_Batch,0.5176940639269406,42.085635700950725
Univariate,Ridge,0.25,3,Original_GitHub,0.7437214611872146,81.08388608795923
Univariate,Ridge,0.25,3,MAPIE_Online,0.7388698630136986,78.84274272935305
Univariate,Ridge,0.25,3,MAPIE_Batch,0.5176940639269406,42.085635700950725
Univariate,Ridge,0.25,4,Original_GitHub,0.742579908675799,81.63172441911874
Univariate,Ridge,0.25,4,MAPIE_Online,0.7388698630136986,78.84274272935305
Univariate,Ridge,0.25,4,MAPIE_Batch,0.5176940639269406,42.085635700950725
Univariate,Ridge,0.25,5,Original_GitHub,0.7440068493150684,80.77780669690135
Univariate,Ridge,0.25,5,MAPIE_Online,0.7388698630136986,78.84274272935305
Univariate,Ridge,0.25,5,MAPIE_Batch,0.5176940639269406,42.085635700950725
Univariate,Ridge,0.25,6,Original_GitHub,0.7432933789954338,82.42387233473737
Univariate,Ridge,0.25,6,MAPIE_Online,0.7388698630136986,78.84274272935305
Univariate,Ridge,0.25,6,MAPIE_Batch,0.5176940639269406,42.085635700950725
Univariate,Ridge,0.25,7,Original_GitHub,0.7431506849315068,81.27053133999945
Univariate,Ridge,0.25,7,MAPIE_Online,0.7388698630136986,78.84274272935305
Univariate,Ridge,0.25,7,MAPIE_Batch,0.5176940639269406,42.085635700950725
Univariate,Ridge,0.25,8,Original_GitHub,0.7442922374429224,81.38718314628689
Univariate,Ridge,0.25,8,MAPIE_Online,0.7388698630136986,78.84274272935305
Univariate,Ridge,0.25,8,MAPIE_Batch,0.5176940639269406,42.085635700950725
Univariate,Ridge,0.25,9,Original_GitHub,0.7442922374429224,80.16582862007934
Univariate,Ridge,0.25,9,MAPIE_Online,0.7388698630136986,78.84274272935305
Univariate,Ridge,0.25,9,MAPIE_Batch,0.5176940639269406,42.085635700950725
Univariate,RF,0.05,0,Original_GitHub,0.9511986301369864,374.30124458197525
Univariate,RF,0.05,0,Reimplementation,0.9511986301369864,374.30124458197525
Univariate,RF,0.05,0,MAPIE_Online,0.9466324200913242,310.4697400340772
Univariate,RF,0.05,0,MAPIE_Batch,0.8789954337899544,191.06236572970937
Univariate,RF,0.05,1,Original_GitHub,0.9501997716894978,365.05837738602986
Univariate,RF,0.05,1,MAPIE_Online,0.9466324200913242,310.4697400340772
Univariate,RF,0.05,1,MAPIE_Batch,0.8789954337899544,191.06236572970937
Univariate,RF,0.05,2,Original_GitHub,0.9509132420091324,373.491009371026
Univariate,RF,0.05,2,MAPIE_Online,0.9466324200913242,310.4697400340772
Univariate,RF,0.05,2,MAPIE_Batch,0.8789954337899544,191.06236572970937
Univariate,RF,0.05,3,Original_GitHub,0.951769406392694,378.24026896206215
Univariate,RF,0.05,3,MAPIE_Online,0.9466324200913242,310.4697400340772
Univariate,RF,0.05,3,MAPIE_Batch,0.8789954337899544,191.06236572970937
Univariate,RF,0.05,4,Original_GitHub,0.9514840182648402,380.4889736689987
Univariate,RF,0.05,4,MAPIE_Online,0.9466324200913242,310.4697400340772
Univariate,RF,0.05,4,MAPIE_Batch,0.8789954337899544,191.06236572970937
Univariate,RF,0.05,5,Original_GitHub,0.9501997716894978,363.37323457827137
Univariate,RF,0.05,5,MAPIE_Online,0.9466324200913242,310.4697400340772
Univariate,RF,0.05,5,MAPIE_Batch,0.8789954337899544,191.06236572970937
Univariate,RF,0.05,6,Original_GitHub,0.9516267123287672,379.76705344843293
Univariate,RF,0.05,6,MAPIE_Online,0.9466324200913242,310.4697400340772
Univariate,RF,0.05,6,MAPIE_Batch,0.8789954337899544,191.06236572970937
Univariate,RF,0.05,7,Original_GitHub,0.951769406392694,370.5480170735489
Univariate,RF,0.05,7,MAPIE_Online,0.9466324200913242,310.4697400340772
Univariate,RF,0.05,7,MAPIE_Batch,0.8789954337899544,191.06236572970937
Univariate,RF,0.05,8,Original_GitHub,0.9510559360730594,379.0787262323319
Univariate,RF,0.05,8,MAPIE_Online,0.9466324200913242,310.4697400340772
Univariate,RF,0.05,8,MAPIE_Batch,0.8789954337899544,191.06236572970937
Univariate,RF,0.05,9,Original_GitHub,0.9509132420091324,374.6446617806882
Univariate,RF,0.05,9,MAPIE_Online,0.9466324200913242,310.4697400340772
Univariate,RF,0.05,9,MAPIE_Batch,0.8789954337899544,191.06236572970937
Univariate,RF,0.1,0,Original_GitHub,0.9026826484018264,256.9837371507592
Univariate,RF,0.1,0,Reimplementation,0.9026826484018264,256.9837371507592
Univariate,RF,0.1,0,MAPIE_Online,0.9021118721461188,254.96254592917288
Univariate,RF,0.1,0,MAPIE_Batch,0.7949486301369864,120.41068426104381
Univariate,RF,0.1,1,Original_GitHub,0.9016837899543378,253.55827851900835
Univariate,RF,0.1,1,MAPIE_Online,0.9021118721461188,254.96254592917288
Univariate,RF,0.1,1,MAPIE_Batch,0.7949486301369864,120.41068426104381
Univariate,RF,0.1,2,Original_GitHub,0.9016837899543378,256.3157696598947
Univariate,RF,0.1,2,MAPIE_Online,0.9021118721461188,254.96254592917288
Univariate,RF,0.1,2,MAPIE_Batch,0.7949486301369864,120.41068426104381
Univariate,RF,0.1,3,Original_GitHub,0.9033961187214612,257.9197531089499
Univariate,RF,0.1,3,MAPIE_Online,0.9021118721461188,254.96254592917288
Univariate,RF,0.1,3,MAPIE_Batch,0.7949486301369864,120.41068426104381
Univariate,RF,0.1,4,Original_GitHub,0.9018264840182648,260.0469479574883
Univariate,RF,0.1,4,MAPIE_Online,0.9021118721461188,254.96254592917288
Univariate,RF,0.1,4,MAPIE_Batch,0.7949486301369864,120.41068426104381
Univariate,RF,0.1,5,Original_GitHub,0.9023972602739726,251.21256649608267
Univariate,RF,0.1,5,MAPIE_Online,0.9021118721461188,254.96254592917288
Univariate,RF,0.1,5,MAPIE_Batch,0.7949486301369864,120.41068426104381
Univariate,RF,0.1,6,Original_GitHub,0.9033961187214612,259.0489398993366
Univariate,RF,0.1,6,MAPIE_Online,0.9021118721461188,254.96254592917288
Univariate,RF,0.1,6,MAPIE_Batch,0.7949486301369864,120.41068426104381
Univariate,RF,0.1,7,Original_GitHub,0.9028253424657534,255.10840475024543
Univariate,RF,0.1,7,MAPIE_Online,0.9021118721461188,254.96254592917288
Univariate,RF,0.1,7,MAPIE_Batch,0.7949486301369864,120.41068426104381
Univariate,RF,0.1,8,Original_GitHub,0.9023972602739726,258.44840941744064
Univariate,RF,0.1,8,MAPIE_Online,0.9021118721461188,254.96254592917288
Univariate,RF,0.1,8,MAPIE_Batch,0.7949486301369864,120.41068426104381
Univariate,RF,0.1,9,Original_GitHub,0.901398401826484,257.71635783364513
Univariate,RF,0.1,9,MAPIE_Online,0.9021118721461188,254.96254592917288
Univariate,RF,0.1,9,MAPIE_Batch,0.7949486301369864,120.41068426104381
Univariate,RF,0.15000000000000002,0,Original_GitHub,0.85074200913242,169.3256763123615
Univariate,RF,0.15000000000000002,0,Reimplementation,0.85074200913242,169.3256763123615
Univariate,RF,0.15000000000000002,0,MAPIE_Online,0.8527397260273972,209.14625496623157
Univariate,RF,0.15000000000000002,0,MAPIE_Batch,0.7457191780821918,89.79263044016936
Univariate,RF,0.15000000000000002,1,Original_GitHub,0.8515981735159818,171.18149289175182
Univariate,RF,0.15000000000000002,1,MAPIE_Online,0.8527397260273972,209.14625496623157
Univariate,RF,0.15000000000000002,1,MAPIE_Batch,0.7457191780821918,89.79263044016936
Univariate,RF,0.15000000000000002,2,Original_GitHub,0.851027397260274,170.80833962528519
Univariate,RF,0.15000000000000002,2,MAPIE_Online,0.8527397260273972,209.14625496623157
Univariate,RF,0.15000000000000002,2,MAPIE_Batch,0.7457191780821918,89.79263044016936
Univariate,RF,0.15000000000000002,3,Original_GitHub,0.8503139269406392,169.02492314297032
Univariate,RF,0.15000000000000002,3,MAPIE_Online,0.8527397260273972,209.14625496623157
Univariate,RF,0.15000000000000002,3,MAPIE_Batch,0.7457191780821918,89.79263044016936
Univariate,RF,0.15000000000000002,4,Original_GitHub,0.8525970319634704,169.90215518747206
Univariate,RF,0.15000000000000002,4,MAPIE_Online,0.8527397260273972,209.14625496623157
Univariate,RF,0.15000000000000002,4,MAPIE_Batch,0.7457191780821918,89.79263044016936
Univariate,RF,0.15000000000000002,5,Original_GitHub,0.8525970319634704,168.98950805521045
Univariate,RF,0.15000000000000002,5,MAPIE_Online,0.8527397260273972,209.14625496623157
Univariate,RF,0.15000000000000002,5,MAPIE_Batch,0.7457191780821918,89.79263044016936
Univariate,RF,0.15000000000000002,6,Original_GitHub,0.851170091324201,170.3616574796218
Univariate,RF,0.15000000000000002,6,MAPIE_Online,0.8527397260273972,209.14625496623157
Univariate,RF,0.15000000000000002,6,MAPIE_Batch,0.7457191780821918,89.79263044016936
Univariate,RF,0.15000000000000002,7,Original_GitHub,0.853453196347032,168.38622159033895
Univariate,RF,0.15000000000000002,7,MAPIE_Online,0.8527397260273972,209.14625496623157
Univariate,RF,0.15000000000000002,7,MAPIE_Batch,0.7457191780821918,89.79263044016936
Univariate,RF,0.15000000000000002,8,Original_GitHub,0.8517408675799086,170.10465735347745
Univariate,RF,0.15000000000000002,8,MAPIE_Online,0.8527397260273972,209.14625496623157
Univariate,RF,0.15000000000000002,8,MAPIE_Batch,0.7457191780821918,89.79263044016936
Univariate,RF,0.15000000000000002,9,Original_GitHub,0.8501712328767124,170.66420975242448
Univariate,RF,0.15000000000000002,9,MAPIE_Online,0.8527397260273972,209.14625496623157
Univariate,RF,0.15000000000000002,9,MAPIE_Batch,0.7457191780821918,89.79263044016936
Univariate,RF,0.2,0,Original_GitHub,0.7983732876712328,124.97135868848073
Univariate,RF,0.2,0,Reimplementation,0.7983732876712328,124.97135868848073
Univariate,RF,0.2,0,MAPIE_Online,0.8022260273972602,161.28503236542315
Univariate,RF,0.2,0,MAPIE_Batch,0.7023401826484018,67.40039601437458
Univariate,RF,0.2,1,Original_GitHub,0.8009417808219178,128.44328905012708
Univariate,RF,0.2,1,MAPIE_Online,0.8022260273972602,161.28503236542315
Univariate,RF,0.2,1,MAPIE_Batch,0.7023401826484018,67.40039601437458
Univariate,RF,0.2,2,Original_GitHub,0.7988013698630136,127.38553331926917
Univariate,RF,0.2,2,MAPIE_Online,0.8022260273972602,161.28503236542315
Univariate,RF,0.2,2,MAPIE_Batch,0.7023401826484018,67.40039601437458
Univariate,RF,0.2,3,Original_GitHub,0.7990867579908676,124.04363919774259
Univariate,RF,0.2,3,MAPIE_Online,0.8022260273972602,161.28503236542315
Univariate,RF,0.2,3,MAPIE_Batch,0.7023401826484018,67.40039601437458
Univariate,RF,0.2,4,Original_GitHub,0.8007990867579908,123.99458379911809
Univariate,RF,0.2,4,MAPIE_Online,0.8022260273972602,161.28503236542315
Univariate,RF,0.2,4,MAPIE_Batch,0.7023401826484018,67.40039601437458
Univariate,RF,0.2,5,Original_GitHub,0.7995148401826484,125.98842552870315
Univariate,RF,0.2,5,MAPIE_Online,0.8022260273972602,161.28503236542315
Univariate,RF,0.2,5,MAPIE_Batch,0.7023401826484018,67.40039601437458
Univariate,RF,0.2,6,Original_GitHub,0.7993721461187214,124.94607266485998
Univariate,RF,0.2,6,MAPIE_Online,0.8022260273972602,161.28503236542315
Univariate,RF,0.2,6,MAPIE_Batch,0.7023401826484018,67.40039601437458
Univariate,RF,0.2,7,Original_GitHub,0.7998002283105022,124.31356227745543
Univariate,RF,0.2,7,MAPIE_Online,0.8022260273972602,161.28503236542315
Univariate,RF,0.2,7,MAPIE_Batch,0.7023401826484018,67.40039601437458
Univariate,RF,0.2,8,Original_GitHub,0.8002283105022832,124.71542194649662
Univariate,RF,0.2,8,MAPIE_Online,0.8022260273972602,161.28503236542315
Univariate,RF,0.2,8,MAPIE_Batch,0.7023401826484018,67.40039601437458
Univariate,RF,0.2,9,Original_GitHub,0.7989440639269406,124.88534123675973
Univariate,RF,0.2,9,MAPIE_Online,0.8022260273972602,161.28503236542315
Univariate,RF,0.2,9,MAPIE_Batch,0.7023401826484018,67.40039601437458
Univariate,RF,0.25,0,Original_GitHub,0.7508561643835616,95.50261607250243
Univariate,RF,0.25,0,Reimplementation,0.7508561643835616,95.50261607250243
Univariate,RF,0.25,0,MAPIE_Online,0.7558504566210046,118.71121925026742
Univariate,RF,0.25,0,MAPIE_Batch,0.6698059360730594,51.90381775377182
Univariate,RF,0.25,1,Original_GitHub,0.752568493150685,97.96830983337314
Univariate,RF,0.25,1,MAPIE_Online,0.7558504566210046,118.71121925026742
Univariate,RF,0.25,1,MAPIE_Batch,0.6698059360730594,51.90381775377182
Univariate,RF,0.25,2,Original_GitHub,0.7504280821917808,96.3811095527577
Univariate,RF,0.25,2,MAPIE_Online,0.7558504566210046,118.71121925026742
Univariate,RF,0.25,2,MAPIE_Batch,0.6698059360730594,51.90381775377182
Univariate,RF,0.25,3,Original_GitHub,0.7505707762557078,94.64422561018804
Univariate,RF,0.25,3,MAPIE_Online,0.7558504566210046,118.71121925026742
Univariate,RF,0.25,3,MAPIE_Batch,0.6698059360730594,51.90381775377182
Univariate,RF,0.25,4,Original_GitHub,0.7515696347031964,93.78862273174454
Univariate,RF,0.25,4,MAPIE_Online,0.7558504566210046,118.71121925026742
Univariate,RF,0.25,4,MAPIE_Batch,0.6698059360730594,51.90381775377182
Univariate,RF,0.25,5,Original_GitHub,0.7521404109589042,96.72791266925518
Univariate,RF,0.25,5,MAPIE_Online,0.7558504566210046,118.71121925026742
Univariate,RF,0.25,5,MAPIE_Batch,0.6698059360730594,51.90381775377182
Univariate,RF,0.25,6,Original_GitHub,0.7515696347031964,95.14493612293792
Univariate,RF,0.25,6,MAPIE_Online,0.7558504566210046,118.71121925026742
Univariate,RF,0.25,6,MAPIE_Batch,0.6698059360730594,51.90381775377182
Univariate,RF,0.25,7,Original_GitHub,0.7528538812785388,95.45550768266934
Univariate,RF,0.25,7,MAPIE_Online,0.7558504566210046,118.71121925026742
Univariate,RF,0.25,7,MAPIE_Batch,0.6698059360730594,51.90381775377182
Univariate,RF,0.25,8,Original_GitHub,0.7515696347031964,95.1265795737105
Univariate,RF,0.25,8,MAPIE_Online,0.7558504566210046,118.71121925026742
Univariate,RF,0.25,8,MAPIE_Batch,0.6698059360730594,51.90381775377182
Univariate,RF,0.25,9,Original_GitHub,0.7508561643835616,95.55887752757882
Univariate,RF,0.25,9,MAPIE_Online,0.7558504566210046,118.71121925026742
Univariate,RF,0.25,9,MAPIE_Batch,0.6698059360730594,51.90381775377182
Univariate,MLP,0.05,0,Original_GitHub,0.9511986301369864,288.76756610160004
Univariate,MLP,0.05,0,Reimplementation,0.9511986301369864,288.76756610160004
Univariate,MLP,0.05,0,MAPIE_Online,0.9523401826484018,290.3637061804375
Univariate,MLP,0.05,0,MAPIE_Batch,0.8768550228310502,166.90145095079114
Univariate,MLP,0.05,1,Original_GitHub,0.9516267123287672,289.58118730956664
Univariate,MLP,0.05,1,MAPIE_Online,0.9523401826484018,290.3637061804375
Univariate,MLP,0.05,1,MAPIE_Batch,0.8768550228310502,166.90145095079114
Univariate,MLP,0.05,2,Original_GitHub,0.9516267123287672,289.65237693068764
Univariate,MLP,0.05,2,MAPIE_Online,0.9523401826484018,290.3637061804375
Univariate,MLP,0.05,2,MAPIE_Batch,0.8768550228310502,166.90145095079114
Univariate,MLP,0.05,3,Original_GitHub,0.951769406392694,289.0409906074799
Univariate,MLP,0.05,3,MAPIE_Online,0.9523401826484018,290.3637061804375
Univariate,MLP,0.05,3,MAPIE_Batch,0.8768550228310502,166.90145095079114
Univariate,MLP,0.05,4,Original_GitHub,0.9516267123287672,289.3327071929465
Univariate,MLP,0.05,4,MAPIE_Online,0.9523401826484018,290.3637061804375
Univariate,MLP,0.05,4,MAPIE_Batch,0.8768550228310502,166.90145095079114
Univariate,MLP,0.05,5,Original_GitHub,0.9510559360730594,289.61038381061246
Univariate,MLP,0.05,5,MAPIE_Online,0.9523401826484018,290.3637061804375
Univariate,MLP,0.05,5,MAPIE_Batch,0.8768550228310502,166.90145095079114
Univariate,MLP,0.05,6,Original_GitHub,0.9514840182648402,289.50831110702853
Univariate,MLP,0.05,6,MAPIE_Online,0.9523401826484018,290.3637061804375
Univariate,MLP,0.05,6,MAPIE_Batch,0.8768550228310502,166.90145095079114
Univariate,MLP,0.05,7,Original_GitHub,0.951912100456621,289.7565499258711
Univariate,MLP,0.05,7,MAPIE_Online,0.9523401826484018,290.3637061804375
Univariate,MLP,0.05,7,MAPIE_Batch,0.8768550228310502,166.90145095079114
Univariate,MLP,0.05,8,Original_GitHub,0.951912100456621,288.76521309539066
Univariate,MLP,0.05,8,MAPIE_Online,0.9523401826484018,290.3637061804375
Univariate,MLP,0.05,8,MAPIE_Batch,0.8768550228310502,166.90145095079114
Univariate,MLP,0.05,9,Original_GitHub,0.951912100456621,289.2575559722355
Univariate,MLP,0.05,9,MAPIE_Online,0.9523401826484018,290.3637061804375
Univariate,MLP,0.05,9,MAPIE_Batch,0.8768550228310502,166.90145095079114
Univariate,MLP,0.1,0,Original_GitHub,0.9006849315068494,195.40039697092232
Univariate,MLP,0.1,0,Reimplementation,0.9006849315068494,195.40039697092232
Univariate,MLP,0.1,0,MAPIE_Online,0.901398401826484,196.49041198373683
Univariate,MLP,0.1,0,MAPIE_Batch,0.7719748858447488,107.62151128988941
Univariate,MLP,0.1,1,Original_GitHub,0.901541095890411,196.47945361028974
Univariate,MLP,0.1,1,MAPIE_Online,0.901398401826484,196.49041198373683
Univariate,MLP,0.1,1,MAPIE_Batch,0.7719748858447488,107.62151128988941
Univariate,MLP,0.1,2,Original_GitHub,0.9003995433789954,195.99231947165566
Univariate,MLP,0.1,2,MAPIE_Online,0.901398401826484,196.49041198373683
Univariate,MLP,0.1,2,MAPIE_Batch,0.7719748858447488,107.62151128988941
Univariate,MLP,0.1,3,Original_GitHub,0.9023972602739726,196.45686985792125
Univariate,MLP,0.1,3,MAPIE_Online,0.901398401826484,196.49041198373683
Univariate,MLP,0.1,3,MAPIE_Batch,0.7719748858447488,107.62151128988941
Univariate,MLP,0.1,4,Original_GitHub,0.9011130136986302,196.55327121863127
Univariate,MLP,0.1,4,MAPIE_Online,0.901398401826484,196.49041198373683
Univariate,MLP,0.1,4,MAPIE_Batch,0.7719748858447488,107.62151128988941
Univariate,MLP,0.1,5,Original_GitHub,0.9011130136986302,194.823947082466
Univariate,MLP,0.1,5,MAPIE_Online,0.901398401826484,196.49041198373683
Univariate,MLP,0.1,5,MAPIE_Batch,0.7719748858447488,107.62151128988941
Univariate,MLP,0.1,6,Original_GitHub,0.9023972602739726,197.96359437687806
Univariate,MLP,0.1,6,MAPIE_Online,0.901398401826484,196.49041198373683
Univariate,MLP,0.1,6,MAPIE_Batch,0.7719748858447488,107.62151128988941
Univariate,MLP,0.1,7,Original_GitHub,0.9016837899543378,196.22314533266896
Univariate,MLP,0.1,7,MAPIE_Online,0.901398401826484,196.49041198373683
Univariate,MLP,0.1,7,MAPIE_Batch,0.7719748858447488,107.62151128988941
Univariate,MLP,0.1,8,Original_GitHub,0.9021118721461188,195.85028928617055
Univariate,MLP,0.1,8,MAPIE_Online,0.901398401826484,196.49041198373683
Univariate,MLP,0.1,8,MAPIE_Batch,0.7719748858447488,107.62151128988941
Univariate,MLP,0.1,9,Original_GitHub,0.9028253424657534,195.74422693469722
Univariate,MLP,0.1,9,MAPIE_Online,0.901398401826484,196.49041198373683
Univariate,MLP,0.1,9,MAPIE_Batch,0.7719748858447488,107.62151128988941
Univariate,MLP,0.15000000000000002,0,Original_GitHub,0.8478881278538812,145.95537887393735
Univariate,MLP,0.15000000000000002,0,Reimplementation,0.8478881278538812,145.95537887393735
Univariate,MLP,0.15000000000000002,0,MAPIE_Online,0.8481735159817352,147.7766750817449
Univariate,MLP,0.15000000000000002,0,MAPIE_Batch,0.685074200913242,78.83539670715892
Univariate,MLP,0.15000000000000002,1,Original_GitHub,0.8491723744292238,146.97217781842207
Univariate,MLP,0.15000000000000002,1,MAPIE_Online,0.8481735159817352,147.7766750817449
Univariate,MLP,0.15000000000000002,1,MAPIE_Batch,0.685074200913242,78.83539670715892
Univariate,MLP,0.15000000000000002,2,Original_GitHub,0.8483162100456622,146.41639033372942
Univariate,MLP,0.15000000000000002,2,MAPIE_Online,0.8481735159817352,147.7766750817449
Univariate,MLP,0.15000000000000002,2,MAPIE_Batch,0.685074200913242,78.83539670715892
Univariate,MLP,0.15000000000000002,3,Original_GitHub,0.8488869863013698,146.89304687668303
Univariate,MLP,0.15000000000000002,3,MAPIE_Online,0.8481735159817352,147.7766750817449
Univariate,MLP,0.15000000000000002,3,MAPIE_Batch,0.685074200913242,78.83539670715892
Univariate,MLP,0.15000000000000002,4,Original_GitHub,0.848458904109589,146.7962848784289
Univariate,MLP,0.15000000000000002,4,MAPIE_Online,0.8481735159817352,147.7766750817449
Univariate,MLP,0.15000000000000002,4,MAPIE_Batch,0.685074200913242,78.83539670715892
Univariate,MLP,0.15000000000000002,5,Original_GitHub,0.848601598173516,145.66000362176993
Univariate,MLP,0.15000000000000002,5,MAPIE_Online,0.8481735159817352,147.7766750817449
Univariate,MLP,0.15000000000000002,5,MAPIE_Batch,0.685074200913242,78.83539670715892
Univariate,MLP,0.15000000000000002,6,Original_GitHub,0.8483162100456622,147.85236280001172
Univariate,MLP,0.15000000000000002,6,MAPIE_Online,0.8481735159817352,147.7766750817449
Univariate,MLP,0.15000000000000002,6,MAPIE_Batch,0.685074200913242,78.83539670715892
Univariate,MLP,0.15000000000000002,7,Original_GitHub,0.848601598173516,146.3876656181383
Univariate,MLP,0.15000000000000002,7,MAPIE_Online,0.8481735159817352,147.7766750817449
Univariate,MLP,0.15000000000000002,7,MAPIE_Batch,0.685074200913242,78.83539670715892
Univariate,MLP,0.15000000000000002,8,Original_GitHub,0.8488869863013698,146.40670537738504
Univariate,MLP,0.15000000000000002,8,MAPIE_Online,0.8481735159817352,147.7766750817449
Univariate,MLP,0.15000000000000002,8,MAPIE_Batch,0.685074200913242,78.83539670715892
Univariate,MLP,0.15000000000000002,9,Original_GitHub,0.8497431506849316,146.06959246206802
Univariate,MLP,0.15000000000000002,9,MAPIE_Online,0.8481735159817352,147.7766750817449
Univariate,MLP,0.15000000000000002,9,MAPIE_Batch,0.685074200913242,78.83539670715892
Univariate,MLP,0.2,0,Original_GitHub,0.7945205479452054,116.7080759049324
Univariate,MLP,0.2,0,Reimplementation,0.7945205479452054,116.7080759049324
Univariate,MLP,0.2,0,MAPIE_Online,0.7943778538812786,118.00235324824749
Univariate,MLP,0.2,0,MAPIE_Batch,0.6017408675799086,59.91323618993375
Univariate,MLP,0.2,1,Original_GitHub,0.795519406392694,117.06955258338802
Univariate,MLP,0.2,1,MAPIE_Online,0.7943778538812786,118.00235324824749
Univariate,MLP,0.2,1,MAPIE_Batch,0.6017408675799086,59.91323618993375
Univariate,MLP,0.2,2,Original_GitHub,0.7943778538812786,117.0214342375673
Univariate,MLP,0.2,2,MAPIE_Online,0.7943778538812786,118.00235324824749
Univariate,MLP,0.2,2,MAPIE_Batch,0.6017408675799086,59.91323618993375
Univariate,MLP,0.2,3,Original_GitHub,0.7950913242009132,116.90352052934533
Univariate,MLP,0.2,3,MAPIE_Online,0.7943778538812786,118.00235324824749
Univariate,MLP,0.2,3,MAPIE_Batch,0.6017408675799086,59.91323618993375
Univariate,MLP,0.2,4,Original_GitHub,0.7972317351598174,117.07946182010735
Univariate,MLP,0.2,4,MAPIE_Online,0.7943778538812786,118.00235324824749
Univariate,MLP,0.2,4,MAPIE_Batch,0.6017408675799086,59.91323618993375
Univariate,MLP,0.2,5,Original_GitHub,0.7963755707762558,116.16772483636481
Univariate,MLP,0.2,5,MAPIE_Online,0.7943778538812786,118.00235324824749
Univariate,MLP,0.2,5,MAPIE_Batch,0.6017408675799086,59.91323618993375
Univariate,MLP,0.2,6,Original_GitHub,0.7948059360730594,117.76188096835268
Univariate,MLP,0.2,6,MAPIE_Online,0.7943778538812786,118.00235324824749
Univariate,MLP,0.2,6,MAPIE_Batch,0.6017408675799086,59.91323618993375
Univariate,MLP,0.2,7,Original_GitHub,0.7945205479452054,116.71713038080152
Univariate,MLP,0.2,7,MAPIE_Online,0.7943778538812786,118.00235324824749
Univariate,MLP,0.2,7,MAPIE_Batch,0.6017408675799086,59.91323618993375
Univariate,MLP,0.2,8,Original_GitHub,0.7948059360730594,116.9089040813214
Univariate,MLP,0.2,8,MAPIE_Online,0.7943778538812786,118.00235324824749
Univariate,MLP,0.2,8,MAPIE_Batch,0.6017408675799086,59.91323618993375
Univariate,MLP,0.2,9,Original_GitHub,0.795662100456621,116.67310274595232
Univariate,MLP,0.2,9,MAPIE_Online,0.7943778538812786,118.00235324824749
Univariate,MLP,0.2,9,MAPIE_Batch,0.6017408675799086,59.91323618993375
Univariate,MLP,0.25,0,Original_GitHub,0.749857305936073,97.21454497827202
Univariate,MLP,0.25,0,Reimplementation,0.749857305936073,97.21454497827202
Univariate,MLP,0.25,0,MAPIE_Online,0.7461472602739726,98.53512242772702
Univariate,MLP,0.25,0,MAPIE_Batch,0.5475171232876712,48.68450146194031
Univariate,MLP,0.25,1,Original_GitHub,0.7494292237442922,97.78225165262505
Univariate,MLP,0.25,1,MAPIE_Online,0.7461472602739726,98.53512242772702
Univariate,MLP,0.25,1,MAPIE_Batch,0.5475171232876712,48.68450146194031
Univariate,MLP,0.25,2,Original_GitHub,0.7485730593607306,97.64300772885885
Univariate,MLP,0.25,2,MAPIE_Online,0.7461472602739726,98.53512242772702
Univariate,MLP,0.25,2,MAPIE_Batch,0.5475171232876712,48.68450146194031
Univariate,MLP,0.25,3,Original_GitHub,0.7485730593607306,97.4537842501134
Univariate,MLP,0.25,3,MAPIE_Online,0.7461472602739726,98.53512242772702
Univariate,MLP,0.25,3,MAPIE_Batch,0.5475171232876712,48.68450146194031
Univariate,MLP,0.25,4,Original_GitHub,0.7482876712328768,97.49919357898573
Univariate,MLP,0.25,4,MAPIE_Online,0.7461472602739726,98.53512242772702
Univariate,MLP,0.25,4,MAPIE_Batch,0.5475171232876712,48.68450146194031
Univariate,MLP,0.25,5,Original_GitHub,0.7482876712328768,96.96427774861318
Univariate,MLP,0.25,5,MAPIE_Online,0.7461472602739726,98.53512242772702
Univariate,MLP,0.25,5,MAPIE_Batch,0.5475171232876712,48.68450146194031
Univariate,MLP,0.25,6,Original_GitHub,0.7471461187214612,98.33308983094209
Univariate,MLP,0.25,6,MAPIE_Online,0.7461472602739726,98.53512242772702
Univariate,MLP,0.25,6,MAPIE_Batch,0.5475171232876712,48.68450146194031
Univariate,MLP,0.25,7,Original_GitHub,0.7484303652968036,97.25474573220147
Univariate,MLP,0.25,7,MAPIE_Online,0.7461472602739726,98.53512242772702
Univariate,MLP,0.25,7,MAPIE_Batch,0.5475171232876712,48.68450146194031
Univariate,MLP,0.25,8,Original_GitHub,0.747431506849315,97.49857902906228
Univariate,MLP,0.25,8,MAPIE_Online,0.7461472602739726,98.53512242772702
Univariate,MLP,0.25,8,MAPIE_Batch,0.5475171232876712,48.68450146194031
Univariate,MLP,0.25,9,Original_GitHub,0.7480022831050228,97.20735802836928
Univariate,MLP,0.25,9,MAPIE_Online,0.7461472602739726,98.53512242772702
Univariate,MLP,0.25,9,MAPIE_Batch,0.5475171232876712,48.68450146194031
